INSERT INTO airliner VALUES 
('Airbus A220-100', 24, 109),
('Airbus A220-300', 25, 132),
('Airbus A319-100', 26, 157),
('Airbus A320-200', 27, 191),
('Airbus A321-200', 28, 197),
('Airbus A330-200', 29, 234),
('Airbus A330-300', 29, 293),
('Airbus A350-900', 30, 306),
('Boeing 717-200', 24, 110),
('Boeing 737-700', 25, 124),
('Boeing 737-800', 26, 160),
('Boeing 737-900', 27, 180),
('Boeing 757-200', 28, 199),
('Boeing 757-300', 29, 234),
('Boeing 767-300', 30, 226),
('Boeing 767-400', 31, 238),
('Boeing 777-200', 32, 288);

INSERT INTO airline VALUES 
('Delta', 'Airbus A220-100', 23.7, 2.4, 'false'),
('Delta', 'Airbus A220-300', 1.7, 6.6, 'false'),
('Delta', 'Boeing 757-200', 16.5, 3.7, 'false'),
('Delta', 'Boeing 767-400', 16.2, 4.8, 'false'),
('Delta', 'Airbus A330-300', 17.7, 3.8, 'false'),
('United', 'Boeing 737-700', 18.2, 3.6, 'true'),
('United', 'Airbus A330-300', 1.5, 0.2, 'false'),
('United', 'Boeing 737-900', 10.3, 3.7, 'true'),
('United', 'Boeing 757-200', 5.6, 8.7, 'false'),
('United', 'Airbus A320-200', 14.2, 5.7, 'false'),
('Spirit', 'Boeing 757-200', 17.8, 7.8, 'false'),
('Spirit', 'Boeing 757-300', 0.8, 1.8, 'true'),
('Spirit', 'Airbus A330-200', 15.9, 4.4, 'false'),
('Spirit', 'Boeing 767-400', 22.3, 6.6, 'false'),
('Spirit', 'Airbus A321-200', 2.0, 7.9, 'true'),
('American', 'Airbus A220-300', 16.8, 4.6, 'true'),
('American', 'Boeing 737-800', 16.2, 8.2, 'true'),
('American', 'Airbus A220-100', 6.0, 4.5, 'true'),
('American', 'Boeing 717-200', 7.2, 4.4, 'true'),
('American', 'Boeing 737-700', 13.8, 6.6, 'true');




INSERT INTO airport VALUES 
('JFK', 'New York', 18),
('LGA', 'New York', 18),
('EWR', 'New York', 18),
('FRG', 'New York', 18),
('ISP', 'New York', 18),
('TEB', 'New York', 18),
('LDJ', 'New York', 18),
('HPN', 'New York', 18),
('CDW', 'New York', 18),
('MMU', 'New York', 18),
('ORD', 'Chicago', 24),
('MDW', 'Chicago', 24),
('PWK', 'Chicago', 24),
('DPA', 'Chicago', 24),
('GYY', 'Chicago', 24),
('ARR', 'Chicago', 24),
('UGN', 'Chicago', 24),
('RFD', 'Chicago', 24),
('JOT', 'Chicago', 24),
('MKE', 'Chicago', 24);


INSERT INTO flight VALUES 
('S83', 'Spirit', 'Boeing 757-300', 'JOT', 'FRG'),
('S63', 'Spirit', 'Airbus A330-200', 'JFK', 'RFD'),
('U30', 'United', 'Airbus A330-300', 'RFD', 'LDJ'),
('D17', 'Delta', 'Airbus A220-100', 'GYY', 'FRG'),
('U71', 'United', 'Airbus A330-300', 'JOT', 'LGA'),
('U65', 'United', 'Boeing 757-200', 'JOT', 'EWR'),
('D12', 'Delta', 'Airbus A220-300', 'PWK', 'ISP'),
('S57', 'Spirit', 'Boeing 757-200', 'ORD', 'LDJ'),
('D75', 'Delta', 'Airbus A220-300', 'LGA', 'GYY'),
('A92', 'American', 'Boeing 717-200', 'EWR', 'RFD'),
('U56', 'United', 'Airbus A330-300', 'MKE', 'JFK'),
('U36', 'United', 'Boeing 737-900', 'MKE', 'LGA'),
('A52', 'American', 'Airbus A220-100', 'RFD', 'LGA'),
('S38', 'Spirit', 'Airbus A330-200', 'DPA', 'HPN'),
('A10', 'American', 'Boeing 737-800', 'RFD', 'JFK'),
('A69', 'American', 'Boeing 717-200', 'LDJ', 'MDW'),
('U53', 'United', 'Airbus A320-200', 'EWR', 'PWK'),
('D34', 'Delta', 'Airbus A330-300', 'EWR', 'JOT'),
('D81', 'Delta', 'Airbus A220-100', 'UGN', 'HPN'),
('U90', 'United', 'Boeing 737-900', 'UGN', 'CDW');


INSERT INTO passenger VALUES 
(406, 'Diana Dagan', '2019-09-21'),
(252, 'Michael Rolan', '2019-09-19'),
(476, 'Darlene Parker', '2019-09-16'),
(743, 'Beatriz Knapp', '2019-09-12'),
(480, 'Marilyn Precourt', '2019-09-12'),
(676, 'Mary Perkins', '2019-09-30'),
(110, 'Diana Barrington', '2019-09-7'),
(238, 'Susan Lara', '2019-09-23'),
(621, 'Billy Loop', '2019-09-9'),
(908, 'Nicholas George', '2019-09-8'),
(753, 'James Workman', '2019-09-14'),
(102, 'Vella Griffy', '2019-09-15'),
(269, 'Floyd Sykora', '2019-09-16'),
(608, 'Katina Bravo', '2019-09-29'),
(278, 'Caitlin Carter', '2019-09-11'),
(638, 'Steven Mcmillan', '2019-09-24'),
(197, 'Brian Bugbee', '2019-09-22'),
(971, 'Henry Mathews', '2019-09-22'),
(781, 'Mary Cash', '2019-09-1'),
(695, 'Theresa Bennett', '2019-09-25'),
(414, 'Erin Armijo', '2019-09-17'),
(968, 'Concetta Hutcherson', '2019-09-17'),
(865, 'Cecil Hayes', '2019-09-16'),
(528, 'Brandon Wildes', '2019-09-21'),
(913, 'Dennis Deangelis', '2019-09-13'),
(658, 'Lorene Hutchins', '2019-09-11'),
(217, 'Allie Mack', '2019-09-4'),
(149, 'Jon Starzyk', '2019-09-19'),
(768, 'Andrew Flynn', '2019-09-20'),
(983, 'Francis Brown', '2019-09-23'),
(74, 'Sandra Bell', '2019-09-16'),
(118, 'Shante Alcala', '2019-09-12'),
(370, 'Kenneth Gordin', '2019-09-15'),
(859, 'Rogelio Romero', '2019-09-21'),
(320, 'Herbert Lott', '2019-09-11'),
(286, 'Keith Greenley', '2019-09-26'),
(650, 'Omar Combs', '2019-09-10'),
(997, 'Robert Moore', '2019-09-17'),
(636, 'Carole Williams', '2019-09-16'),
(277, 'Mercedez Michel', '2019-09-8');


INSERT INTO pilot VALUES 
(3342, 'Reginald Nunez', 'S83', 17),
(2902, 'Bernadette Holcombe', 'S63', 25),
(6812, 'Deborah Dean', 'U30', 20),
(1370, 'Gabriela Gaffey', 'D17', 16),
(8997, 'Jacob Anderson', 'U71', 17),
(2740, 'Carolyn Costanzo', 'U65', 2),
(6922, 'Daniel Simon', 'D12', 6),
(2202, 'Joe Kassin', 'S57', 4),
(2009, 'Ina Fraizer', 'D75', 23),
(2353, 'Edith Parker', 'A92', 8),
(7988, 'Andrew Satterthwaite', 'U56', 10),
(6063, 'Joel Kirkwood', 'U36', 11),
(6606, 'Marshall Harrison', 'A52', 4),
(2417, 'Priscilla Bailey', 'S38', 6),
(5523, 'Richard Phillips', 'A10', 15),
(1529, 'Olga Dunn', 'A69', 2),
(4585, 'Walter Shifflett', 'U53', 11),
(5833, 'Regina Turner', 'D34', 8),
(5295, 'Jack Smith', 'D81', 25),
(1589, 'Leonard Taylor', 'U90', 7);


INSERT INTO price VALUES
('S83', '2019-9-1', 671.12),
('S83', '2019-9-2', 433.78),
('S83', '2019-9-3', 261.24),
('S83', '2019-9-4', 157.93),
('S83', '2019-9-5', 563.48),
('S83', '2019-9-6', 274.67),
('S83', '2019-9-7', 956.62),
('S83', '2019-9-8', 746.71),
('S83', '2019-9-9', 265.11),
('S83', '2019-9-10', 655.09),
('S83', '2019-9-11', 277.13),
('S83', '2019-9-12', 740.24),
('S83', '2019-9-13', 194.27),
('S83', '2019-9-14', 437.91),
('S83', '2019-9-15', 362.64),
('S83', '2019-9-16', 704.24),
('S83', '2019-9-17', 971.5),
('S83', '2019-9-18', 676.19),
('S83', '2019-9-19', 846.38),
('S83', '2019-9-20', 132.7),
('S83', '2019-9-21', 831.02),
('S83', '2019-9-22', 737.58),
('S83', '2019-9-23', 499.69),
('S83', '2019-9-24', 781.41),
('S83', '2019-9-25', 372.44),
('S83', '2019-9-26', 546.98),
('S83', '2019-9-27', 493.35),
('S83', '2019-9-28', 874.57),
('S83', '2019-9-29', 914.5),
('S83', '2019-9-30', 161.33),
('S63', '2019-9-1', 974.54),
('S63', '2019-9-2', 745.34),
('S63', '2019-9-3', 877.24),
('S63', '2019-9-4', 827.65),
('S63', '2019-9-5', 939.24),
('S63', '2019-9-6', 702.02),
('S63', '2019-9-7', 796.95),
('S63', '2019-9-8', 262.46),
('S63', '2019-9-9', 816.92),
('S63', '2019-9-10', 792.28),
('S63', '2019-9-11', 777.61),
('S63', '2019-9-12', 441.71),
('S63', '2019-9-13', 455.3),
('S63', '2019-9-14', 930.74),
('S63', '2019-9-15', 940.02),
('S63', '2019-9-16', 547.91),
('S63', '2019-9-17', 462.0),
('S63', '2019-9-18', 127.13),
('S63', '2019-9-19', 121.27),
('S63', '2019-9-20', 859.72),
('S63', '2019-9-21', 621.9),
('S63', '2019-9-22', 170.8),
('S63', '2019-9-23', 454.1),
('S63', '2019-9-24', 510.89),
('S63', '2019-9-25', 396.8),
('S63', '2019-9-26', 160.09),
('S63', '2019-9-27', 773.05),
('S63', '2019-9-28', 476.55),
('S63', '2019-9-29', 666.75),
('S63', '2019-9-30', 567.29),
('U30', '2019-9-1', 230.79),
('U30', '2019-9-2', 559.53),
('U30', '2019-9-3', 145.99),
('U30', '2019-9-4', 461.29),
('U30', '2019-9-5', 154.58),
('U30', '2019-9-6', 877.28),
('U30', '2019-9-7', 252.42),
('U30', '2019-9-8', 582.55),
('U30', '2019-9-9', 900.92),
('U30', '2019-9-10', 522.06),
('U30', '2019-9-11', 349.37),
('U30', '2019-9-12', 918.95),
('U30', '2019-9-13', 841.15),
('U30', '2019-9-14', 659.76),
('U30', '2019-9-15', 318.76),
('U30', '2019-9-16', 899.72),
('U30', '2019-9-17', 839.04),
('U30', '2019-9-18', 142.19),
('U30', '2019-9-19', 631.95),
('U30', '2019-9-20', 798.1),
('U30', '2019-9-21', 966.55),
('U30', '2019-9-22', 275.83),
('U30', '2019-9-23', 261.39),
('U30', '2019-9-24', 513.42),
('U30', '2019-9-25', 348.1),
('U30', '2019-9-26', 807.54),
('U30', '2019-9-27', 648.47),
('U30', '2019-9-28', 477.54),
('U30', '2019-9-29', 753.1),
('U30', '2019-9-30', 222.67),
('D17', '2019-9-1', 234.73),
('D17', '2019-9-2', 265.11),
('D17', '2019-9-3', 836.81),
('D17', '2019-9-4', 154.38),
('D17', '2019-9-5', 745.23),
('D17', '2019-9-6', 815.63),
('D17', '2019-9-7', 597.08),
('D17', '2019-9-8', 169.69),
('D17', '2019-9-9', 500.39),
('D17', '2019-9-10', 976.35),
('D17', '2019-9-11', 485.63),
('D17', '2019-9-12', 283.05),
('D17', '2019-9-13', 537.64),
('D17', '2019-9-14', 516.03),
('D17', '2019-9-15', 697.75),
('D17', '2019-9-16', 853.08),
('D17', '2019-9-17', 881.43),
('D17', '2019-9-18', 680.84),
('D17', '2019-9-19', 710.02),
('D17', '2019-9-20', 844.34),
('D17', '2019-9-21', 486.39),
('D17', '2019-9-22', 596.57),
('D17', '2019-9-23', 166.19),
('D17', '2019-9-24', 627.03),
('D17', '2019-9-25', 564.83),
('D17', '2019-9-26', 482.14),
('D17', '2019-9-27', 459.53),
('D17', '2019-9-28', 226.89),
('D17', '2019-9-29', 862.0),
('D17', '2019-9-30', 695.86),
('U71', '2019-9-1', 691.97),
('U71', '2019-9-2', 989.74),
('U71', '2019-9-3', 975.36),
('U71', '2019-9-4', 247.93),
('U71', '2019-9-5', 882.17),
('U71', '2019-9-6', 660.28),
('U71', '2019-9-7', 868.04),
('U71', '2019-9-8', 622.14),
('U71', '2019-9-9', 946.12),
('U71', '2019-9-10', 213.69),
('U71', '2019-9-11', 605.27),
('U71', '2019-9-12', 771.28),
('U71', '2019-9-13', 857.83),
('U71', '2019-9-14', 351.81),
('U71', '2019-9-15', 226.75),
('U71', '2019-9-16', 376.91),
('U71', '2019-9-17', 764.31),
('U71', '2019-9-18', 761.53),
('U71', '2019-9-19', 886.42),
('U71', '2019-9-20', 747.17),
('U71', '2019-9-21', 640.1),
('U71', '2019-9-22', 720.36),
('U71', '2019-9-23', 425.32),
('U71', '2019-9-24', 875.11),
('U71', '2019-9-25', 926.04),
('U71', '2019-9-26', 562.77),
('U71', '2019-9-27', 595.83),
('U71', '2019-9-28', 781.98),
('U71', '2019-9-29', 942.64),
('U71', '2019-9-30', 720.87),
('U65', '2019-9-1', 265.78),
('U65', '2019-9-2', 970.74),
('U65', '2019-9-3', 821.71),
('U65', '2019-9-4', 290.96),
('U65', '2019-9-5', 805.51),
('U65', '2019-9-6', 146.54),
('U65', '2019-9-7', 121.91),
('U65', '2019-9-8', 759.88),
('U65', '2019-9-9', 512.28),
('U65', '2019-9-10', 710.94),
('U65', '2019-9-11', 855.88),
('U65', '2019-9-12', 837.88),
('U65', '2019-9-13', 308.87),
('U65', '2019-9-14', 729.87),
('U65', '2019-9-15', 711.66),
('U65', '2019-9-16', 555.58),
('U65', '2019-9-17', 265.27),
('U65', '2019-9-18', 971.11),
('U65', '2019-9-19', 660.39),
('U65', '2019-9-20', 381.67),
('U65', '2019-9-21', 464.08),
('U65', '2019-9-22', 212.58),
('U65', '2019-9-23', 745.87),
('U65', '2019-9-24', 156.95),
('U65', '2019-9-25', 932.93),
('U65', '2019-9-26', 562.48),
('U65', '2019-9-27', 677.09),
('U65', '2019-9-28', 173.94),
('U65', '2019-9-29', 569.32),
('U65', '2019-9-30', 572.57),
('D12', '2019-9-1', 512.48),
('D12', '2019-9-2', 745.16),
('D12', '2019-9-3', 502.01),
('D12', '2019-9-4', 959.49),
('D12', '2019-9-5', 468.51),
('D12', '2019-9-6', 758.91),
('D12', '2019-9-7', 894.64),
('D12', '2019-9-8', 753.09),
('D12', '2019-9-9', 747.25),
('D12', '2019-9-10', 446.44),
('D12', '2019-9-11', 668.77),
('D12', '2019-9-12', 628.63),
('D12', '2019-9-13', 435.92),
('D12', '2019-9-14', 795.32),
('D12', '2019-9-15', 813.61),
('D12', '2019-9-16', 535.42),
('D12', '2019-9-17', 382.95),
('D12', '2019-9-18', 263.09),
('D12', '2019-9-19', 505.89),
('D12', '2019-9-20', 871.07),
('D12', '2019-9-21', 988.13),
('D12', '2019-9-22', 988.94),
('D12', '2019-9-23', 290.38),
('D12', '2019-9-24', 300.47),
('D12', '2019-9-25', 803.41),
('D12', '2019-9-26', 237.99),
('D12', '2019-9-27', 707.53),
('D12', '2019-9-28', 214.01),
('D12', '2019-9-29', 287.95),
('D12', '2019-9-30', 645.24),
('S57', '2019-9-1', 664.97),
('S57', '2019-9-2', 764.07),
('S57', '2019-9-3', 581.5),
('S57', '2019-9-4', 875.12),
('S57', '2019-9-5', 622.36),
('S57', '2019-9-6', 489.26),
('S57', '2019-9-7', 807.88),
('S57', '2019-9-8', 671.19),
('S57', '2019-9-9', 746.55),
('S57', '2019-9-10', 357.53),
('S57', '2019-9-11', 729.12),
('S57', '2019-9-12', 413.83),
('S57', '2019-9-13', 844.64),
('S57', '2019-9-14', 294.69),
('S57', '2019-9-15', 619.41),
('S57', '2019-9-16', 736.59),
('S57', '2019-9-17', 354.31),
('S57', '2019-9-18', 723.31),
('S57', '2019-9-19', 212.53),
('S57', '2019-9-20', 673.72),
('S57', '2019-9-21', 246.35),
('S57', '2019-9-22', 221.61),
('S57', '2019-9-23', 504.17),
('S57', '2019-9-24', 384.26),
('S57', '2019-9-25', 646.83),
('S57', '2019-9-26', 526.98),
('S57', '2019-9-27', 563.04),
('S57', '2019-9-28', 357.6),
('S57', '2019-9-29', 817.11),
('S57', '2019-9-30', 223.58),
('D75', '2019-9-1', 623.33),
('D75', '2019-9-2', 309.47),
('D75', '2019-9-3', 405.21),
('D75', '2019-9-4', 752.12),
('D75', '2019-9-5', 138.19),
('D75', '2019-9-6', 502.01),
('D75', '2019-9-7', 593.66),
('D75', '2019-9-8', 346.33),
('D75', '2019-9-9', 246.35),
('D75', '2019-9-10', 684.65),
('D75', '2019-9-11', 313.25),
('D75', '2019-9-12', 533.2),
('D75', '2019-9-13', 745.56),
('D75', '2019-9-14', 449.67),
('D75', '2019-9-15', 899.6),
('D75', '2019-9-16', 307.63),
('D75', '2019-9-17', 322.38),
('D75', '2019-9-18', 744.3),
('D75', '2019-9-19', 575.19),
('D75', '2019-9-20', 864.47),
('D75', '2019-9-21', 718.05),
('D75', '2019-9-22', 694.02),
('D75', '2019-9-23', 857.96),
('D75', '2019-9-24', 510.25),
('D75', '2019-9-25', 196.32),
('D75', '2019-9-26', 273.2),
('D75', '2019-9-27', 192.55),
('D75', '2019-9-28', 786.94),
('D75', '2019-9-29', 614.64),
('D75', '2019-9-30', 700.49),
('A92', '2019-9-1', 128.14),
('A92', '2019-9-2', 357.59),
('A92', '2019-9-3', 744.29),
('A92', '2019-9-4', 336.94),
('A92', '2019-9-5', 963.05),
('A92', '2019-9-6', 672.42),
('A92', '2019-9-7', 971.28),
('A92', '2019-9-8', 646.53),
('A92', '2019-9-9', 211.57),
('A92', '2019-9-10', 207.23),
('A92', '2019-9-11', 976.0),
('A92', '2019-9-12', 675.33),
('A92', '2019-9-13', 950.27),
('A92', '2019-9-14', 387.86),
('A92', '2019-9-15', 130.72),
('A92', '2019-9-16', 722.66),
('A92', '2019-9-17', 745.56),
('A92', '2019-9-18', 922.15),
('A92', '2019-9-19', 196.05),
('A92', '2019-9-20', 222.14),
('A92', '2019-9-21', 522.2),
('A92', '2019-9-22', 784.99),
('A92', '2019-9-23', 702.83),
('A92', '2019-9-24', 421.65),
('A92', '2019-9-25', 888.79),
('A92', '2019-9-26', 678.22),
('A92', '2019-9-27', 356.52),
('A92', '2019-9-28', 356.05),
('A92', '2019-9-29', 625.68),
('A92', '2019-9-30', 890.9),
('U56', '2019-9-1', 324.88),
('U56', '2019-9-2', 933.36),
('U56', '2019-9-3', 342.36),
('U56', '2019-9-4', 720.31),
('U56', '2019-9-5', 778.97),
('U56', '2019-9-6', 368.93),
('U56', '2019-9-7', 587.92),
('U56', '2019-9-8', 603.73),
('U56', '2019-9-9', 475.5),
('U56', '2019-9-10', 782.76),
('U56', '2019-9-11', 270.13),
('U56', '2019-9-12', 175.46),
('U56', '2019-9-13', 223.77),
('U56', '2019-9-14', 614.08),
('U56', '2019-9-15', 327.19),
('U56', '2019-9-16', 229.63),
('U56', '2019-9-17', 957.68),
('U56', '2019-9-18', 167.05),
('U56', '2019-9-19', 261.99),
('U56', '2019-9-20', 296.2),
('U56', '2019-9-21', 672.63),
('U56', '2019-9-22', 481.9),
('U56', '2019-9-23', 937.26),
('U56', '2019-9-24', 894.8),
('U56', '2019-9-25', 864.49),
('U56', '2019-9-26', 230.27),
('U56', '2019-9-27', 950.69),
('U56', '2019-9-28', 968.11),
('U56', '2019-9-29', 766.03),
('U56', '2019-9-30', 126.14),
('U36', '2019-9-1', 447.17),
('U36', '2019-9-2', 545.06),
('U36', '2019-9-3', 560.48),
('U36', '2019-9-4', 344.41),
('U36', '2019-9-5', 805.1),
('U36', '2019-9-6', 719.4),
('U36', '2019-9-7', 961.38),
('U36', '2019-9-8', 384.27),
('U36', '2019-9-9', 161.12),
('U36', '2019-9-10', 126.3),
('U36', '2019-9-11', 285.91),
('U36', '2019-9-12', 605.48),
('U36', '2019-9-13', 850.3),
('U36', '2019-9-14', 679.99),
('U36', '2019-9-15', 970.16),
('U36', '2019-9-16', 299.21),
('U36', '2019-9-17', 853.46),
('U36', '2019-9-18', 572.04),
('U36', '2019-9-19', 945.03),
('U36', '2019-9-20', 234.61),
('U36', '2019-9-21', 432.75),
('U36', '2019-9-22', 234.8),
('U36', '2019-9-23', 886.8),
('U36', '2019-9-24', 348.19),
('U36', '2019-9-25', 554.74),
('U36', '2019-9-26', 521.81),
('U36', '2019-9-27', 573.06),
('U36', '2019-9-28', 627.81),
('U36', '2019-9-29', 280.78),
('U36', '2019-9-30', 805.14),
('A52', '2019-9-1', 685.52),
('A52', '2019-9-2', 882.42),
('A52', '2019-9-3', 581.06),
('A52', '2019-9-4', 385.22),
('A52', '2019-9-5', 450.72),
('A52', '2019-9-6', 864.09),
('A52', '2019-9-7', 197.38),
('A52', '2019-9-8', 621.97),
('A52', '2019-9-9', 923.53),
('A52', '2019-9-10', 282.35),
('A52', '2019-9-11', 320.06),
('A52', '2019-9-12', 849.11),
('A52', '2019-9-13', 197.41),
('A52', '2019-9-14', 371.11),
('A52', '2019-9-15', 457.3),
('A52', '2019-9-16', 667.44),
('A52', '2019-9-17', 431.58),
('A52', '2019-9-18', 797.67),
('A52', '2019-9-19', 398.83),
('A52', '2019-9-20', 228.87),
('A52', '2019-9-21', 565.58),
('A52', '2019-9-22', 315.77),
('A52', '2019-9-23', 931.28),
('A52', '2019-9-24', 169.87),
('A52', '2019-9-25', 398.58),
('A52', '2019-9-26', 895.1),
('A52', '2019-9-27', 321.75),
('A52', '2019-9-28', 975.17),
('A52', '2019-9-29', 598.06),
('A52', '2019-9-30', 154.5),
('S38', '2019-9-1', 381.26),
('S38', '2019-9-2', 361.17),
('S38', '2019-9-3', 663.16),
('S38', '2019-9-4', 915.63),
('S38', '2019-9-5', 160.42),
('S38', '2019-9-6', 875.42),
('S38', '2019-9-7', 245.1),
('S38', '2019-9-8', 362.52),
('S38', '2019-9-9', 642.83),
('S38', '2019-9-10', 701.96),
('S38', '2019-9-11', 822.79),
('S38', '2019-9-12', 368.65),
('S38', '2019-9-13', 656.82),
('S38', '2019-9-14', 902.32),
('S38', '2019-9-15', 760.78),
('S38', '2019-9-16', 298.97),
('S38', '2019-9-17', 353.61),
('S38', '2019-9-18', 977.12),
('S38', '2019-9-19', 450.89),
('S38', '2019-9-20', 878.66),
('S38', '2019-9-21', 432.12),
('S38', '2019-9-22', 245.03),
('S38', '2019-9-23', 970.44),
('S38', '2019-9-24', 929.95),
('S38', '2019-9-25', 178.57),
('S38', '2019-9-26', 754.23),
('S38', '2019-9-27', 306.36),
('S38', '2019-9-28', 198.03),
('S38', '2019-9-29', 295.91),
('S38', '2019-9-30', 596.72),
('A10', '2019-9-1', 355.12),
('A10', '2019-9-2', 748.39),
('A10', '2019-9-3', 863.26),
('A10', '2019-9-4', 890.61),
('A10', '2019-9-5', 365.61),
('A10', '2019-9-6', 980.52),
('A10', '2019-9-7', 142.74),
('A10', '2019-9-8', 548.65),
('A10', '2019-9-9', 940.48),
('A10', '2019-9-10', 152.17),
('A10', '2019-9-11', 362.12),
('A10', '2019-9-12', 688.1),
('A10', '2019-9-13', 660.69),
('A10', '2019-9-14', 903.44),
('A10', '2019-9-15', 709.03),
('A10', '2019-9-16', 725.29),
('A10', '2019-9-17', 215.53),
('A10', '2019-9-18', 368.9),
('A10', '2019-9-19', 704.56),
('A10', '2019-9-20', 516.34),
('A10', '2019-9-21', 257.48),
('A10', '2019-9-22', 878.48),
('A10', '2019-9-23', 758.11),
('A10', '2019-9-24', 804.11),
('A10', '2019-9-25', 205.07),
('A10', '2019-9-26', 608.44),
('A10', '2019-9-27', 804.7),
('A10', '2019-9-28', 648.59),
('A10', '2019-9-29', 582.79),
('A10', '2019-9-30', 944.94),
('A69', '2019-9-1', 935.49),
('A69', '2019-9-2', 562.65),
('A69', '2019-9-3', 750.76),
('A69', '2019-9-4', 596.66),
('A69', '2019-9-5', 479.36),
('A69', '2019-9-6', 597.02),
('A69', '2019-9-7', 489.58),
('A69', '2019-9-8', 175.29),
('A69', '2019-9-9', 327.62),
('A69', '2019-9-10', 533.93),
('A69', '2019-9-11', 436.34),
('A69', '2019-9-12', 905.5),
('A69', '2019-9-13', 902.69),
('A69', '2019-9-14', 860.82),
('A69', '2019-9-15', 376.99),
('A69', '2019-9-16', 736.09),
('A69', '2019-9-17', 459.63),
('A69', '2019-9-18', 290.9),
('A69', '2019-9-19', 456.45),
('A69', '2019-9-20', 231.48),
('A69', '2019-9-21', 428.32),
('A69', '2019-9-22', 178.66),
('A69', '2019-9-23', 873.79),
('A69', '2019-9-24', 783.22),
('A69', '2019-9-25', 609.37),
('A69', '2019-9-26', 502.04),
('A69', '2019-9-27', 938.86),
('A69', '2019-9-28', 275.05),
('A69', '2019-9-29', 919.77),
('A69', '2019-9-30', 967.13),
('U53', '2019-9-1', 732.09),
('U53', '2019-9-2', 350.02),
('U53', '2019-9-3', 289.79),
('U53', '2019-9-4', 440.0),
('U53', '2019-9-5', 861.59),
('U53', '2019-9-6', 833.67),
('U53', '2019-9-7', 455.94),
('U53', '2019-9-8', 498.09),
('U53', '2019-9-9', 702.12),
('U53', '2019-9-10', 687.67),
('U53', '2019-9-11', 935.11),
('U53', '2019-9-12', 641.47),
('U53', '2019-9-13', 362.47),
('U53', '2019-9-14', 148.9),
('U53', '2019-9-15', 190.43),
('U53', '2019-9-16', 506.31),
('U53', '2019-9-17', 580.04),
('U53', '2019-9-18', 244.31),
('U53', '2019-9-19', 390.36),
('U53', '2019-9-20', 666.36),
('U53', '2019-9-21', 782.74),
('U53', '2019-9-22', 831.08),
('U53', '2019-9-23', 147.38),
('U53', '2019-9-24', 746.87),
('U53', '2019-9-25', 458.52),
('U53', '2019-9-26', 216.64),
('U53', '2019-9-27', 553.93),
('U53', '2019-9-28', 563.63),
('U53', '2019-9-29', 163.01),
('U53', '2019-9-30', 611.95),
('D34', '2019-9-1', 919.94),
('D34', '2019-9-2', 359.23),
('D34', '2019-9-3', 634.61),
('D34', '2019-9-4', 742.75),
('D34', '2019-9-5', 582.59),
('D34', '2019-9-6', 691.09),
('D34', '2019-9-7', 306.46),
('D34', '2019-9-8', 483.68),
('D34', '2019-9-9', 218.94),
('D34', '2019-9-10', 483.3),
('D34', '2019-9-11', 197.64),
('D34', '2019-9-12', 765.37),
('D34', '2019-9-13', 343.2),
('D34', '2019-9-14', 360.94),
('D34', '2019-9-15', 859.02),
('D34', '2019-9-16', 395.26),
('D34', '2019-9-17', 275.88),
('D34', '2019-9-18', 528.31),
('D34', '2019-9-19', 983.1),
('D34', '2019-9-20', 972.71),
('D34', '2019-9-21', 248.48),
('D34', '2019-9-22', 826.21),
('D34', '2019-9-23', 772.17),
('D34', '2019-9-24', 232.43),
('D34', '2019-9-25', 705.04),
('D34', '2019-9-26', 364.2),
('D34', '2019-9-27', 903.52),
('D34', '2019-9-28', 440.69),
('D34', '2019-9-29', 432.72),
('D34', '2019-9-30', 384.83),
('D81', '2019-9-1', 149.46),
('D81', '2019-9-2', 686.3),
('D81', '2019-9-3', 436.25),
('D81', '2019-9-4', 634.87),
('D81', '2019-9-5', 189.1),
('D81', '2019-9-6', 853.75),
('D81', '2019-9-7', 654.79),
('D81', '2019-9-8', 633.17),
('D81', '2019-9-9', 442.12),
('D81', '2019-9-10', 531.32),
('D81', '2019-9-11', 147.77),
('D81', '2019-9-12', 843.18),
('D81', '2019-9-13', 272.18),
('D81', '2019-9-14', 237.97),
('D81', '2019-9-15', 282.1),
('D81', '2019-9-16', 783.19),
('D81', '2019-9-17', 339.88),
('D81', '2019-9-18', 162.79),
('D81', '2019-9-19', 886.79),
('D81', '2019-9-20', 304.09),
('D81', '2019-9-21', 667.25),
('D81', '2019-9-22', 865.5),
('D81', '2019-9-23', 696.89),
('D81', '2019-9-24', 632.51),
('D81', '2019-9-25', 957.02),
('D81', '2019-9-26', 738.02),
('D81', '2019-9-27', 489.02),
('D81', '2019-9-28', 452.16),
('D81', '2019-9-29', 940.7),
('D81', '2019-9-30', 410.66),
('U90', '2019-9-1', 319.23),
('U90', '2019-9-2', 185.4),
('U90', '2019-9-3', 398.6),
('U90', '2019-9-4', 461.45),
('U90', '2019-9-5', 206.04),
('U90', '2019-9-6', 711.03),
('U90', '2019-9-7', 603.1),
('U90', '2019-9-8', 564.29),
('U90', '2019-9-9', 187.13),
('U90', '2019-9-10', 465.99),
('U90', '2019-9-11', 655.77),
('U90', '2019-9-12', 765.63),
('U90', '2019-9-13', 941.04),
('U90', '2019-9-14', 419.41),
('U90', '2019-9-15', 491.46),
('U90', '2019-9-16', 964.61),
('U90', '2019-9-17', 182.62),
('U90', '2019-9-18', 783.65),
('U90', '2019-9-19', 535.25),
('U90', '2019-9-20', 875.76),
('U90', '2019-9-21', 557.11),
('U90', '2019-9-22', 228.56),
('U90', '2019-9-23', 746.03),
('U90', '2019-9-24', 790.6),
('U90', '2019-9-25', 132.39),
('U90', '2019-9-26', 722.85),
('U90', '2019-9-27', 416.66),
('U90', '2019-9-28', 251.32),
('U90', '2019-9-29', 199.43),
('U90', '2019-9-30', 473.31);


INSERT INTO review VALUES 
(406, 'U90', 5.21, 7.72, 1.99, 'false'),
(252, 'D75', 8.72, 7.97, 2.19, 'true'),
(476, 'D17', 5.88, 7.47, 1.8, 'false'),
(743, 'A69', 3.69, 0.61, 3.1, 'false'),
(480, 'U30', 1.96, 7.89, 6.32, 'false'),
(676, 'D81', 4.7, 1.51, 9.31, 'false'),
(110, 'A92', 7.28, 5.63, 1.99, 'false'),
(238, 'S83', 8.67, 1.98, 3.97, 'false'),
(621, 'S38', 8.37, 9.0, 0.62, 'true'),
(908, 'D75', 0.36, 1.92, 4.52, 'false'),
(753, 'D75', 8.6, 1.84, 4.66, 'false'),
(102, 'D75', 6.8, 0.01, 3.15, 'false'),
(269, 'U90', 7.54, 5.81, 0.17, 'false'),
(608, 'U53', 3.25, 5.04, 4.27, 'false'),
(278, 'D81', 8.85, 5.88, 6.43, 'true'),
(638, 'A92', 8.03, 4.21, 7.03, 'true'),
(197, 'U71', 8.46, 8.3, 2.8, 'true'),
(971, 'D34', 6.4, 1.96, 3.98, 'false'),
(781, 'S83', 5.71, 1.65, 3.46, 'false'),
(695, 'U53', 4.47, 1.9, 7.24, 'false'),
(414, 'S63', 2.54, 2.49, 4.38, 'false'),
(968, 'U65', 5.9, 4.55, 4.18, 'false'),
(865, 'A10', 9.0, 0.29, 4.71, 'false'),
(528, 'U65', 5.01, 7.62, 5.12, 'true'),
(913, 'U36', 6.42, 9.75, 2.13, 'true'),
(658, 'S83', 3.57, 4.06, 0.93, 'false'),
(217, 'D34', 4.02, 6.59, 4.16, 'false'),
(149, 'S38', 8.08, 0.71, 9.14, 'true'),
(768, 'D75', 5.56, 7.51, 4.42, 'true'),
(983, 'U71', 4.62, 5.37, 4.15, 'false'),
(74, 'U71', 5.72, 5.54, 1.0, 'false'),
(118, 'U65', 4.22, 2.12, 4.47, 'false'),
(370, 'S38', 6.44, 8.26, 6.92, 'true'),
(859, 'D12', 6.75, 3.04, 2.75, 'false'),
(320, 'U53', 4.37, 8.54, 5.75, 'true'),
(286, 'D75', 8.37, 1.26, 0.53, 'false'),
(650, 'A92', 5.09, 3.62, 0.15, 'false'),
(997, 'D12', 6.16, 6.45, 2.24, 'false'),
(636, 'D75', 3.0, 8.8, 3.13, 'false'),
(277, 'D12', 5.98, 7.34, 4.19, 'true');


INSERT INTO weather VALUES 
('Chicago', '2019-9-1', 53, 0.09, 11.4),
('Chicago', '2019-9-2', 65, 0.88, 21.8),
('Chicago', '2019-9-3', 64, 1.73, 9.8),
('Chicago', '2019-9-4', 54, 6.77, 18.8),
('Chicago', '2019-9-5', 59, 1.31, 6.5),
('Chicago', '2019-9-6', 55, 7.96, 15.4),
('Chicago', '2019-9-7', 52, 6.41, 14.1),
('Chicago', '2019-9-8', 59, 4.02, 9.4),
('Chicago', '2019-9-9', 69, 2.98, 25.3),
('Chicago', '2019-9-10', 72, 7.75, 12.9),
('Chicago', '2019-9-11', 77, 3.06, 29.7),
('Chicago', '2019-9-12', 55, 2.62, 17.7),
('Chicago', '2019-9-13', 79, 7.04, 23.6),
('Chicago', '2019-9-14', 50, 4.35, 8.2),
('Chicago', '2019-9-15', 56, 1.16, 23.3),
('Chicago', '2019-9-16', 64, 4.71, 20.8),
('Chicago', '2019-9-17', 58, 4.23, 19.7),
('Chicago', '2019-9-18', 78, 1.18, 26.8),
('Chicago', '2019-9-19', 79, 0.76, 10.7),
('Chicago', '2019-9-20', 54, 6.08, 17.5),
('Chicago', '2019-9-21', 67, 4.29, 23.2),
('Chicago', '2019-9-22', 53, 3.34, 7.2),
('Chicago', '2019-9-23', 81, 6.43, 29.7),
('Chicago', '2019-9-24', 51, 7.87, 13.3),
('Chicago', '2019-9-25', 52, 7.2, 23.8),
('Chicago', '2019-9-26', 64, 5.24, 26.9),
('Chicago', '2019-9-27', 76, 6.47, 29.6),
('Chicago', '2019-9-28', 57, 3.68, 15.0),
('Chicago', '2019-9-29', 50, 0.06, 10.9),
('Chicago', '2019-9-30', 57, 3.89, 17.9),
('New York', '2019-9-1', 75, 1.08, 13.4),
('New York', '2019-9-2', 90, 0.27, 5.8),
('New York', '2019-9-3', 89, 0.22, 11.9),
('New York', '2019-9-4', 81, 0.15, 19.0),
('New York', '2019-9-5', 63, 0.75, 11.7),
('New York', '2019-9-6', 60, 0.31, 13.3),
('New York', '2019-9-7', 65, 0.66, 3.8),
('New York', '2019-9-8', 54, 0.11, 3.4),
('New York', '2019-9-9', 83, 0.97, 11.5),
('New York', '2019-9-10', 80, 0.87, 8.3),
('New York', '2019-9-11', 56, 0.73, 11.2),
('New York', '2019-9-12', 69, 0.41, 9.2),
('New York', '2019-9-13', 63, 0.96, 4.7),
('New York', '2019-9-14', 74, 0.58, 7.0),
('New York', '2019-9-15', 54, 1.01, 1.7),
('New York', '2019-9-16', 64, 0.82, 4.4),
('New York', '2019-9-17', 55, 0.41, 15.7),
('New York', '2019-9-18', 70, 0.51, 6.6),
('New York', '2019-9-19', 73, 0.06, 19.2),
('New York', '2019-9-20', 65, 0.64, 13.3),
('New York', '2019-9-21', 87, 0.83, 8.6),
('New York', '2019-9-22', 57, 0.46, 0.3),
('New York', '2019-9-23', 85, 0.69, 2.3),
('New York', '2019-9-24', 77, 0.69, 15.2),
('New York', '2019-9-25', 69, 0.42, 19.7),
('New York', '2019-9-26', 66, 0.64, 16.4),
('New York', '2019-9-27', 75, 0.59, 1.0),
('New York', '2019-9-28', 84, 0.07, 12.8),
('New York', '2019-9-29', 81, 0.35, 13.3),
('New York', '2019-9-30', 62, 0.66, 9.0);


INSERT INTO weatherforcast VALUES 
('Chicago', '2020-9-1', 78, 8.07, 18.4),
('Chicago', '2020-9-2', 71, 4.83, 6.2),
('Chicago', '2020-9-3', 81, 4.08, 5.6),
('Chicago', '2020-9-4', 53, 3.85, 29.0),
('Chicago', '2020-9-5', 66, 3.22, 8.9),
('Chicago', '2020-9-6', 64, 2.16, 5.6),
('Chicago', '2020-9-7', 69, 2.91, 17.6),
('Chicago', '2020-9-8', 76, 7.78, 13.9),
('Chicago', '2020-9-9', 79, 0.16, 22.1),
('Chicago', '2020-9-10', 55, 4.15, 29.0),
('Chicago', '2020-9-11', 77, 7.53, 25.1),
('Chicago', '2020-9-12', 76, 3.85, 12.8),
('Chicago', '2020-9-13', 64, 6.64, 14.8),
('Chicago', '2020-9-14', 76, 7.79, 19.9),
('Chicago', '2020-9-15', 78, 7.48, 10.7),
('Chicago', '2020-9-16', 71, 0.65, 17.1),
('Chicago', '2020-9-17', 70, 3.94, 25.1),
('Chicago', '2020-9-18', 71, 3.81, 19.2),
('Chicago', '2020-9-19', 56, 4.39, 22.3),
('Chicago', '2020-9-20', 79, 7.42, 27.1),
('Chicago', '2020-9-21', 75, 6.88, 24.4),
('Chicago', '2020-9-22', 76, 6.45, 27.8),
('Chicago', '2020-9-23', 78, 4.08, 25.6),
('Chicago', '2020-9-24', 63, 1.0, 24.0),
('Chicago', '2020-9-25', 76, 6.95, 26.8),
('Chicago', '2020-9-26', 54, 7.85, 29.8),
('Chicago', '2020-9-27', 69, 3.39, 18.9),
('Chicago', '2020-9-28', 68, 1.35, 21.8),
('Chicago', '2020-9-29', 60, 2.58, 21.5),
('Chicago', '2020-9-30', 68, 4.03, 7.3),
('New York', '2020-9-1', 83, 0.35, 0.4),
('New York', '2020-9-2', 87, 0.64, 6.5),
('New York', '2020-9-3', 88, 0.59, 12.2),
('New York', '2020-9-4', 63, 1.03, 18.1),
('New York', '2020-9-5', 65, 1.02, 13.8),
('New York', '2020-9-6', 80, 0.62, 4.9),
('New York', '2020-9-7', 55, 0.82, 12.0),
('New York', '2020-9-8', 64, 0.51, 7.0),
('New York', '2020-9-9', 58, 0.44, 19.7),
('New York', '2020-9-10', 62, 0.95, 14.8),
('New York', '2020-9-11', 77, 1.04, 10.8),
('New York', '2020-9-12', 62, 0.7, 16.0),
('New York', '2020-9-13', 84, 1.18, 17.9),
('New York', '2020-9-14', 66, 1.08, 4.3),
('New York', '2020-9-15', 84, 0.81, 1.5),
('New York', '2020-9-16', 74, 0.93, 3.4),
('New York', '2020-9-17', 78, 1.19, 4.5),
('New York', '2020-9-18', 84, 0.64, 6.6),
('New York', '2020-9-19', 76, 0.31, 6.6),
('New York', '2020-9-20', 87, 0.65, 15.4),
('New York', '2020-9-21', 79, 0.36, 0.7),
('New York', '2020-9-22', 57, 0.88, 10.0),
('New York', '2020-9-23', 88, 0.11, 14.1),
('New York', '2020-9-24', 73, 0.63, 8.9),
('New York', '2020-9-25', 55, 0.62, 1.4),
('New York', '2020-9-26', 62, 0.08, 11.0),
('New York', '2020-9-27', 80, 0.55, 1.6),
('New York', '2020-9-28', 85, 0.9, 14.4),
('New York', '2020-9-29', 83, 1.18, 7.0),
('New York', '2020-9-30', 71, 0.59, 16.4);